{
  "metadataVersion": "1.0",
  "id": "com.sap.bi.da.extension.httpcsvextension",
  "name": "HTTP CSV Connector",
  "description": "Load CSV files from a HTTP response",
  "version": "1.29.2.201601041445",
  "vendor" : {
    "name": "SAP",
    "url": "www.sap.com"
  },
  "requires": [
    {
	  "id": "sap.bi.da.extension.sdk",
	  "version": "1.29.0",
	  "match": "greaterOrEqual"
    }
  ],
  "eclipse": {
    "plugins": [
	  {
	    "id": "com.sap.bi.da.extension.httpcsvextension",
		"version": "1.29.2.201601041445"
	  }
	]
  },
  "bundles": [
    {
      "id": "com.sap.bi.da.extension.httpcsvextension",
      "version": "1.29.2.201601041445"
    }
  ]
}